Workbook

Sheet Comparison
A1: TCO Comparison — <Requirement>
A2: Phase 2 · 3-yr and 5-yr total cost of ownership per option · lowest TCO is a strong signal, not the decision — use with build-vs-buy-matrix.xlsx
A4: Option | B4: 3-yr TCO | C4: 5-yr TCO | D4: Assumptions
A5: Option A — Build in-house | B5: ='Option A'!B15 | C5: ='Option A'!B16 | D5: 2 devs × 4 months internal; 0.5 FTE maintenance
A6: Option B — Buy vendor | B6: ='Option B'!B15 | C6: ='Option B'!B16 | D6: Annual license + support; 0.2 FTE internal
A7: Option C — Configure (no-code/AI) | B7: ='Option C'!B15 | C7: ='Option C'!B16 | D7: Platform subscription; 0.1 FTE internal
A9: Note | B9: Normalize assumptions across options (same years, same effort basis). Document each option's assumptions; un-normalized TCO is worse than no TCO.

Sheet Option A
A1: Option A — Build in-house (TCO detail)
A2: Yellow cells = inputs · totals auto · same categories across options
A4: Cost category | B4: Y0 (one-time) | C4: Y1 | D4: Y2 | E4: Y3 | F4: Y4 | G4: Y5 | H4: 3-yr (Y0+Y1-3) | I4: 5-yr (Y0+Y1-5)
A5: License / subscription | B5: 0 | C5: 0 | D5: 0 | E5: 0 | F5: 0 | G5: 0 | H5: =B5+C5+D5+E5 | I5: =B5+C5+D5+E5+F5+G5
A6: Implementation / integration | B6: 80000 | C6: 0 | D6: 0 | E6: 0 | F6: 0 | G6: 0 | H6: =B6+C6+D6+E6 | I6: =B6+C6+D6+E6+F6+G6
A7: Data migration | B7: 10000 | C7: 0 | D7: 0 | E7: 0 | F7: 0 | G7: 0 | H7: =B7+C7+D7+E7 | I7: =B7+C7+D7+E7+F7+G7
A8: Hardware / infrastructure | B8: 5000 | C8: 1000 | D8: 1000 | E8: 1000 | F8: 1000 | G8: 1000 | H8: =B8+C8+D8+E8 | I8: =B8+C8+D8+E8+F8+G8
A9: Training & change | B9: 8000 | C9: 2000 | D9: 0 | E9: 0 | F9: 0 | G9: 0 | H9: =B9+C9+D9+E9 | I9: =B9+C9+D9+E9+F9+G9
A10: Internal maintenance (FTE) | B10: 0 | C10: 18000 | D10: 18000 | E10: 18000 | F10: 18000 | G10: 18000 | H10: =B10+C10+D10+E10 | I10: =B10+C10+D10+E10+F10+G10
A11: External support | B11: 0 | C11: 0 | D11: 0 | E11: 0 | F11: 0 | G11: 0 | H11: =B11+C11+D11+E11 | I11: =B11+C11+D11+E11+F11+G11
A12: Contingency | B12: 10000 | C12: 0 | D12: 0 | E12: 0 | F12: 0 | G12: 0 | H12: =B12+C12+D12+E12 | I12: =B12+C12+D12+E12+F12+G12
A13: TOTAL | B13: =SUM(B5:B12) | C13: =SUM(C5:C12) | D13: =SUM(D5:D12) | E13: =SUM(E5:E12) | F13: =SUM(F5:F12) | G13: =SUM(G5:G12) | H13: =SUM(H5:H12) | I13: =SUM(I5:I12)
A15: 3-yr TCO (Y0 + Y1–Y3) | B15: =B13+C13+D13+E13
A16: 5-yr TCO (Y0 + Y1–Y5) | B16: =B13+C13+D13+E13+F13+G13

Sheet Option B
A1: Option B — Buy vendor (TCO detail)
A2: Yellow cells = inputs · totals auto · same categories across options
A4: Cost category | B4: Y0 (one-time) | C4: Y1 | D4: Y2 | E4: Y3 | F4: Y4 | G4: Y5 | H4: 3-yr (Y0+Y1-3) | I4: 5-yr (Y0+Y1-5)
A5: License / subscription | B5: 0 | C5: 20000 | D5: 20000 | E5: 20000 | F5: 20000 | G5: 20000 | H5: =B5+C5+D5+E5 | I5: =B5+C5+D5+E5+F5+G5
A6: Implementation / integration | B6: 30000 | C6: 0 | D6: 0 | E6: 0 | F6: 0 | G6: 0 | H6: =B6+C6+D6+E6 | I6: =B6+C6+D6+E6+F6+G6
A7: Data migration | B7: 8000 | C7: 0 | D7: 0 | E7: 0 | F7: 0 | G7: 0 | H7: =B7+C7+D7+E7 | I7: =B7+C7+D7+E7+F7+G7
A8: Hardware / infrastructure | B8: 2000 | C8: 500 | D8: 500 | E8: 500 | F8: 500 | G8: 500 | H8: =B8+C8+D8+E8 | I8: =B8+C8+D8+E8+F8+G8
A9: Training & change | B9: 6000 | C9: 1000 | D9: 0 | E9: 0 | F9: 0 | G9: 0 | H9: =B9+C9+D9+E9 | I9: =B9+C9+D9+E9+F9+G9
A10: Internal maintenance (FTE) | B10: 0 | C10: 8000 | D10: 8000 | E10: 8000 | F10: 8000 | G10: 8000 | H10: =B10+C10+D10+E10 | I10: =B10+C10+D10+E10+F10+G10
A11: External support | B11: 0 | C11: 6000 | D11: 6000 | E11: 6000 | F11: 6000 | G11: 6000 | H11: =B11+C11+D11+E11 | I11: =B11+C11+D11+E11+F11+G11
A12: Contingency | B12: 5000 | C12: 0 | D12: 0 | E12: 0 | F12: 0 | G12: 0 | H12: =B12+C12+D12+E12 | I12: =B12+C12+D12+E12+F12+G12
A13: TOTAL | B13: =SUM(B5:B12) | C13: =SUM(C5:C12) | D13: =SUM(D5:D12) | E13: =SUM(E5:E12) | F13: =SUM(F5:F12) | G13: =SUM(G5:G12) | H13: =SUM(H5:H12) | I13: =SUM(I5:I12)
A15: 3-yr TCO (Y0 + Y1–Y3) | B15: =B13+C13+D13+E13
A16: 5-yr TCO (Y0 + Y1–Y5) | B16: =B13+C13+D13+E13+F13+G13

Sheet Option C
A1: Option C — Configure (no-code/AI) (TCO detail)
A2: Yellow cells = inputs · totals auto · same categories across options
A4: Cost category | B4: Y0 (one-time) | C4: Y1 | D4: Y2 | E4: Y3 | F4: Y4 | G4: Y5 | H4: 3-yr (Y0+Y1-3) | I4: 5-yr (Y0+Y1-5)
A5: License / subscription | B5: 0 | C5: 12000 | D5: 12000 | E5: 12000 | F5: 12000 | G5: 12000 | H5: =B5+C5+D5+E5 | I5: =B5+C5+D5+E5+F5+G5
A6: Implementation / integration | B6: 15000 | C6: 0 | D6: 0 | E6: 0 | F6: 0 | G6: 0 | H6: =B6+C6+D6+E6 | I6: =B6+C6+D6+E6+F6+G6
A7: Data migration | B7: 3000 | C7: 0 | D7: 0 | E7: 0 | F7: 0 | G7: 0 | H7: =B7+C7+D7+E7 | I7: =B7+C7+D7+E7+F7+G7
A8: Hardware / infrastructure | B8: 1000 | C8: 300 | D8: 300 | E8: 300 | F8: 300 | G8: 300 | H8: =B8+C8+D8+E8 | I8: =B8+C8+D8+E8+F8+G8
A9: Training & change | B9: 4000 | C9: 500 | D9: 0 | E9: 0 | F9: 0 | G9: 0 | H9: =B9+C9+D9+E9 | I9: =B9+C9+D9+E9+F9+G9
A10: Internal maintenance (FTE) | B10: 0 | C10: 4000 | D10: 4000 | E10: 4000 | F10: 4000 | G10: 4000 | H10: =B10+C10+D10+E10 | I10: =B10+C10+D10+E10+F10+G10
A11: External support | B11: 0 | C11: 0 | D11: 0 | E11: 0 | F11: 0 | G11: 0 | H11: =B11+C11+D11+E11 | I11: =B11+C11+D11+E11+F11+G11
A12: Contingency | B12: 3000 | C12: 0 | D12: 0 | E12: 0 | F12: 0 | G12: 0 | H12: =B12+C12+D12+E12 | I12: =B12+C12+D12+E12+F12+G12
A13: TOTAL | B13: =SUM(B5:B12) | C13: =SUM(C5:C12) | D13: =SUM(D5:D12) | E13: =SUM(E5:E12) | F13: =SUM(F5:F12) | G13: =SUM(G5:G12) | H13: =SUM(H5:H12) | I13: =SUM(I5:I12)
A15: 3-yr TCO (Y0 + Y1–Y3) | B15: =B13+C13+D13+E13
A16: 5-yr TCO (Y0 + Y1–Y5) | B16: =B13+C13+D13+E13+F13+G13

Sheet Guide
A1: How to use the TCO model
A2: One sheet per option | B2: Fill the yellow cells for Build, Buy, Configure (or per vendor). Keep the 8 cost categories identical across options — comparability is the whole point.
A3: Normalization | B3: Same years, same effort basis, same currency. If Option B excludes training that Option A includes, the comparison lies. Document assumptions per option (Comparison sheet).
A4: Horizon | B4: 3-yr for speed-to-value decisions; 5-yr for platform/long-lifecycle choices. License terms (annual vs multi-year) should match the horizon.
A5: Internal maintenance | B5: Use the org FTE rate convention ($36k/yr fully loaded) for internal maintenance effort; build has the highest internal burden.
A6: Contingency | B6: Typically 10–15% of implementation cost for build, less for buy/configure. Note the % used per option.
A7: Linkage | B7: 3-yr TCO feeds the business case investment line; per-option totals feed the build-vs-buy matrix (TCO criterion) and the ROI model (ongoing cost).
